"sAMAccountName","DisplayName","EmailAddress","Department","Enabled","LastLogonDate"
"corazon.cisneros","corazon.cisneros",,,"True",
"paul.ruane","paul.ruane",,,"True",
"tam.ellsworth","tam.ellsworth",,,"True",
"dannielle.teems","dannielle.teems",,,"True",
"jammie.tourville","jammie.tourville",,,"True",
"opal.perrone","opal.perrone",,,"True",
"justin.kellett","justin.kellett",,,"True",
"shanna.layman","shanna.layman",,,"True",
"patrick.luck","patrick.luck",,,"True",
"kelley.spearman","kelley.spearman",,,"True",
"mallie.burris","mallie.burris",,,"True",
"vicenta.gemmell","vicenta.gemmell",,,"True",
"anya.hitch","anya.hitch",,,"True",
"carli.trueblood","carli.trueblood",,,"True",
"lesli.hodges","lesli.hodges",,,"True",
"roy.simas","roy.simas",,,"True",
"jerrica.gatson","jerrica.gatson",,,"True",
"blanca.maziarz","blanca.maziarz",,,"True",
"delinda.gebhart","delinda.gebhart",,,"True",
"kum.vanzandt","kum.vanzandt",,,"True",
"byron.suber","byron.suber",,,"True",
"nicola.gwyn","nicola.gwyn",,,"True",
"lorriane.border","lorriane.border",,,"True",
"yaeko.easler","yaeko.easler",,,"True",
"krystle.capel","krystle.capel",,,"True",
"kali.coach","kali.coach",,,"True",
"cleora.cantrell","cleora.cantrell",,,"True",
"azucena.fleitas","azucena.fleitas",,,"True",
"marjorie.bergin","marjorie.bergin",,,"True",
"raymond.pasco","raymond.pasco",,,"True",
"beverley.tagg","beverley.tagg",,,"True",
"jong.musgrave","jong.musgrave",,,"True",
"jewel.girardin","jewel.girardin",,,"True",
"melanie.hand","melanie.hand",,,"True",
"sau.ahlquist","sau.ahlquist",,,"True",
"merri.crisman","merri.crisman",,,"True",
"james.ortegon","james.ortegon",,,"True",
"toccara.newbury","toccara.newbury",,,"True",
"gladys.leanos","gladys.leanos",,,"True",
"lyn.silcox","lyn.silcox",,,"True",
"margaret.duffel","margaret.duffel",,,"True",
"dion.resendes","dion.resendes",,,"True",
"shelia.kasprzak","shelia.kasprzak",,,"True",
"kera.sturgill","kera.sturgill",,,"True",
"celinda.pia","celinda.pia",,,"True",
"danille.feist","danille.feist",,,"True",
"sharie.ley","sharie.ley",,,"True",
"barbra.mckinny","barbra.mckinny",,,"True",
"eugenia.bouton","eugenia.bouton",,,"True",
"carl.gangemi","carl.gangemi",,,"True",
"tiara.wingler","tiara.wingler",,,"True",
"jamika.mulcahy","jamika.mulcahy",,,"True",
"dawn.kim","dawn.kim",,,"True",
"chloe.kee","chloe.kee",,,"True",
"teri.maniscalco","teri.maniscalco",,,"True",
"kieth.brazell","kieth.brazell",,,"True",
"sibyl.fein","sibyl.fein",,,"True",
"roslyn.fuston","roslyn.fuston",,,"True",
"cesar.winn","cesar.winn",,,"True",
"sol.gay","sol.gay",,,"True",
"jaye.delariva","jaye.delariva",,,"True",
"oleta.kuntz","oleta.kuntz",,,"True",
"oralee.pae","oralee.pae",,,"True",
"hoyt.waite","hoyt.waite",,,"True",
"alvera.moscoso","alvera.moscoso",,,"True",
"lawerence.pierro","lawerence.pierro",,,"True",
"neida.fredericks","neida.fredericks",,,"True",
"taisha.cofield","taisha.cofield",,,"True",
"catherin.screws","catherin.screws",,,"True",
"evalyn.archer","evalyn.archer",,,"True",
"lizbeth.ebinger","lizbeth.ebinger",,,"True",
"lesa.parekh","lesa.parekh",,,"True",
"brandie.horsman","brandie.horsman",,,"True",
"maxine.leone","maxine.leone",,,"True",
"heidi.talamantes","heidi.talamantes",,,"True",
"arla.valerius","arla.valerius",,,"True",
"gary.shadle","gary.shadle",,,"True",
"sharolyn.carney","sharolyn.carney",,,"True",
"yasmine.burch","yasmine.burch",,,"True",
"lidia.hagar","lidia.hagar",,,"True",
"lean.sotelo","lean.sotelo",,,"True",
"phylis.connor","phylis.connor",,,"True",
"charity.grimm","charity.grimm",,,"True",
"fidelia.valois","fidelia.valois",,,"True",
"eric.rummage","eric.rummage",,,"True",
"aleshia.makuch","aleshia.makuch",,,"True",
"afton.dandrea","afton.dandrea",,,"True",
"cristina.barrier","cristina.barrier",,,"True",
"kaila.rogge","kaila.rogge",,,"True",
"gus.slagle","gus.slagle",,,"True",
"janice.boughton","janice.boughton",,,"True",
"sixta.bordeaux","sixta.bordeaux",,,"True",
"tianna.lavalle","tianna.lavalle",,,"True",
"korey.creasy","korey.creasy",,,"True",
"babette.lepley","babette.lepley",,,"True",
"ehtel.brunkhorst","ehtel.brunkhorst",,,"True",
"caroll.nagao","caroll.nagao",,,"True",
"tamatha.cribb","tamatha.cribb",,,"True",
"tawanna.ramsdell","tawanna.ramsdell",,,"True",
"angeles.galiano","angeles.galiano",,,"True",
"elsy.stransky","elsy.stransky",,,"True",
"carlie.keeble","carlie.keeble",,,"True",
"dona.volkert","dona.volkert",,,"True",
"sommer.molder","sommer.molder",,,"True",
"estelle.veney","estelle.veney",,,"True",
"wilton.graff","wilton.graff",,,"True",
"leanna.wyrick","leanna.wyrick",,,"True",
"vikki.michie","vikki.michie",,,"True",
"kayce.milligan","kayce.milligan",,,"True",
"stacey.laverty","stacey.laverty",,,"True",
"eloise.suniga","eloise.suniga",,,"True",
"larae.kiesling","larae.kiesling",,,"True",
"candi.goatley","candi.goatley",,,"True",
"eda.whitcomb","eda.whitcomb",,,"True",
"misha.silva","misha.silva",,,"True",
"susan.auclair","susan.auclair",,,"True",
"chandra.tillery","chandra.tillery",,,"True",
"magdalen.delillo","magdalen.delillo",,,"True",
"eula.bea","eula.bea",,,"True",
"amanda.foulk","amanda.foulk",,,"True",
"beatris.walburn","beatris.walburn",,,"True",
"timmy.cullen","timmy.cullen",,,"True",
"ayesha.waymire","ayesha.waymire",,,"True",
"tatum.shortt","tatum.shortt",,,"True",
"shasta.budge","shasta.budge",,,"True",
"andria.tesar","andria.tesar",,,"True",
"keven.melara","keven.melara",,,"True",
"carmella.macri","carmella.macri",,,"True",
"ellsworth.sylvia","ellsworth.sylvia",,,"True",
"amos.kitzman","amos.kitzman",,,"True",
"tonia.kruchten","tonia.kruchten",,,"True",
"irmgard.egli","irmgard.egli",,,"True",
"christian.valles","christian.valles",,,"True",
"minerva.wheeler","minerva.wheeler",,,"True",
"araceli.paschall","araceli.paschall",,,"True",
"joanna.duvall","joanna.duvall",,,"True",
"cheryle.leech","cheryle.leech",,,"True",
"nina.goldschmidt","nina.goldschmidt",,,"True",
"yetta.vest","yetta.vest",,,"True",
"hallie.parke","hallie.parke",,,"True",
"vicki.beller","vicki.beller",,,"True",
"blossom.dilks","blossom.dilks",,,"True",
"sage.situ","sage.situ",,,"True",
"nana.moczygemba","nana.moczygemba",,,"True",
"dick.brehm","dick.brehm",,,"True",
"hyacinth.aispuro","hyacinth.aispuro",,,"True",
"kym.maher","kym.maher",,,"True",
"alane.dove","alane.dove",,,"True",
"clark.quon","clark.quon",,,"True",
"lorinda.latshaw","lorinda.latshaw",,,"True",
"suzi.staats","suzi.staats",,,"True",
"fredia.horiuchi","fredia.horiuchi",,,"True",
"myong.calle","myong.calle",,,"True",
"donnetta.hertz","donnetta.hertz",,,"True",
"lasandra.klee","lasandra.klee",,,"True",
"terra.duquette","terra.duquette",,,"True",
"herminia.beach","herminia.beach",,,"True",
"kizzie.shumaker","kizzie.shumaker",,,"True",
"annmarie.purcell","annmarie.purcell",,,"True",
"wai.simmerman","wai.simmerman",,,"True",
"tandra.rollins","tandra.rollins",,,"True",
"carla.corea","carla.corea",,,"True",
"alva.cosey","alva.cosey",,,"True",
"willette.falco","willette.falco",,,"True",
"trish.segars","trish.segars",,,"True",
"lauran.gersten","lauran.gersten",,,"True",
"maxie.dickey","maxie.dickey",,,"True",
"elton.loeffler","elton.loeffler",,,"True",
"jennine.resendiz","jennine.resendiz",,,"True",
"heriberto.lamons","heriberto.lamons",,,"True",
"carrol.tavarez","carrol.tavarez",,,"True",
"angelena.rotz","angelena.rotz",,,"True",
"preston.kummer","preston.kummer",,,"True",
"socorro.mosbey","socorro.mosbey",,,"True",
"miriam.leisinger","miriam.leisinger",,,"True",
"paulette.thrash","paulette.thrash",,,"True",
"kum.godby","kum.godby",,,"True",
"clarita.walke","clarita.walke",,,"True",
"sunni.sabat","sunni.sabat",,,"True",
"leilani.isenberg","leilani.isenberg",,,"True",
"dario.hochman","dario.hochman",,,"True",
"chase.barrus","chase.barrus",,,"True",
"jerrod.carn","jerrod.carn",,,"True",
"nickie.rodriquez","nickie.rodriquez",,,"True",
"natacha.catania","natacha.catania",,,"True",
"reda.zacarias","reda.zacarias",,,"True",
"vada.wilkin","vada.wilkin",,,"True",
"wava.frasure","wava.frasure",,,"True",
"bradley.ephraim","bradley.ephraim",,,"True",
"elina.canney","elina.canney",,,"True",
"ali.rezendes","ali.rezendes",,,"True",
"tiana.fenderson","tiana.fenderson",,,"True",
"sammie.oliphant","sammie.oliphant",,,"True",
"erlinda.shuey","erlinda.shuey",,,"True",
"edgardo.cornette","edgardo.cornette",,,"True",
"ignacio.carberry","ignacio.carberry",,,"True",
"gigi.newquist","gigi.newquist",,,"True",
"casie.mckenzie","casie.mckenzie",,,"True",
"jeffie.wirth","jeffie.wirth",,,"True",
"karri.crist","karri.crist",,,"True",
"jeana.demuth","jeana.demuth",,,"True",
"hyon.mendiola","hyon.mendiola",,,"True",
"jeannette.oboyle","jeannette.oboyle",,,"True",
"weldon.levitt","weldon.levitt",,,"True",
"maryam.hadnot","maryam.hadnot",,,"True",
"rima.dankert","rima.dankert",,,"True",
"ashlie.abrev","ashlie.abrev",,,"True",
"rosita.sandberg","rosita.sandberg",,,"True",
"kiley.destefano","kiley.destefano",,,"True",
"levi.laflamme","levi.laflamme",,,"True",
"lina.vandermolen","lina.vandermolen",,,"True",
"yuk.strandberg","yuk.strandberg",,,"True",
"ahmad.mundell","ahmad.mundell",,,"True",
"fumiko.haddon","fumiko.haddon",,,"True",
"debbie.damore","debbie.damore",,,"True",
"linwood.sande","linwood.sande",,,"True",
"belinda.duhaime","belinda.duhaime",,,"True",
"alisha.nivens","alisha.nivens",,,"True",
"cassandra.mask","cassandra.mask",,,"True",
"khalilah.menefee","khalilah.menefee",,,"True",
"eugena.krenz","eugena.krenz",,,"True",
"myung.pless","myung.pless",,,"True",
"seema.mazon","seema.mazon",,,"True",
"leta.height","leta.height",,,"True",
"simone.rueter","simone.rueter",,,"True",
"anita.carron","anita.carron",,,"True",
"octavio.barkley","octavio.barkley",,,"True",
"aleta.kime","aleta.kime",,,"True",
"tatum.lirette","tatum.lirette",,,"True",
"hyon.latorre","hyon.latorre",,,"True",
"lynell.teller","lynell.teller",,,"True",
"karyn.palomba","karyn.palomba",,,"True",
"bella.galli","bella.galli",,,"True",
"alaina.love","alaina.love",,,"True",
"ashleigh.hinkle","ashleigh.hinkle",,,"True",
"leeanna.prothro","leeanna.prothro",,,"True",
"claribel.bland","claribel.bland",,,"True",
"maile.verdun","maile.verdun",,,"True",
"refugia.paynter","refugia.paynter",,,"True",
"rosita.reilly","rosita.reilly",,,"True",
"jacalyn.tonn","jacalyn.tonn",,,"True",
"latasha.fabrizio","latasha.fabrizio",,,"True",
"cortez.strawser","cortez.strawser",,,"True",
"dorathy.attwood","dorathy.attwood",,,"True",
"pattie.tardy","pattie.tardy",,,"True",
"fran.latta","fran.latta",,,"True",
"vivienne.kieser","vivienne.kieser",,,"True",
"chae.broadnax","chae.broadnax",,,"True",
"hazel.mcmeans","hazel.mcmeans",,,"True",
"patience.gilmour","patience.gilmour",,,"True",
"jay.hedberg","jay.hedberg",,,"True",
"nakita.aikens","nakita.aikens",,,"True",
"sebrina.bivins","sebrina.bivins",,,"True",
"faye.brokaw","faye.brokaw",,,"True",
"ambrose.ebinger","ambrose.ebinger",,,"True",
"santiago.cutting","santiago.cutting",,,"True",
"manual.kort","manual.kort",,,"True",
"earlean.burgener","earlean.burgener",,,"True",
"stephani.torre","stephani.torre",,,"True",
"kirk.gonsalves","kirk.gonsalves",,,"True",
"leonie.sever","leonie.sever",,,"True",
"ronda.ruppe","ronda.ruppe",,,"True",
"hue.levin","hue.levin",,,"True",
"marylyn.marlette","marylyn.marlette",,,"True",
"ileana.soliman","ileana.soliman",,,"True",
"helga.feliz","helga.feliz",,,"True",
"stephane.chacko","stephane.chacko",,,"True",
"lola.kinghorn","lola.kinghorn",,,"True",
"joeann.fordham","joeann.fordham",,,"True",
"mildred.carneal","mildred.carneal",,,"True",
"lida.lollis","lida.lollis",,,"True",
"chere.wing","chere.wing",,,"True",
"ula.sargent","ula.sargent",,,"True",
"hortense.rusin","hortense.rusin",,,"True",
"jade.bachelor","jade.bachelor",,,"True",
"hershel.milone","hershel.milone",,,"True",
"valrie.grube","valrie.grube",,,"True",
"evan.elfrink","evan.elfrink",,,"True",
"chiquita.londono","chiquita.londono",,,"True",
"myong.waites","myong.waites",,,"True",
"seth.nicastro","seth.nicastro",,,"True",
"valorie.everett","valorie.everett",,,"True",
"michell.bailey","michell.bailey",,,"True",
"akilah.struck","akilah.struck",,,"True",
"rachel.rector","rachel.rector",,,"True",
"shaun.paulo","shaun.paulo",,,"True",
"bryce.colone","bryce.colone",,,"True",
"pasty.scoville","pasty.scoville",,,"True",
"dylan.mowrey","dylan.mowrey",,,"True",
"elane.matarazzo","elane.matarazzo",,,"True",
"gayle.baskins","gayle.baskins",,,"True",
"joannie.reames","joannie.reames",,,"True",
"tawana.delpriore","tawana.delpriore",,,"True",
"chandra.merten","chandra.merten",,,"True",
"magdalene.weil","magdalene.weil",,,"True",
"belle.maclean","belle.maclean",,,"True",
"erinn.hovey","erinn.hovey",,,"True",
"eva.linnell","eva.linnell",,,"True",
"dannielle.keim","dannielle.keim",,,"True",
"janyce.decesare","janyce.decesare",,,"True",
"dannie.frausto","dannie.frausto",,,"True",
"jacqulyn.bullins","jacqulyn.bullins",,,"True",
"carylon.roza","carylon.roza",,,"True",
"freda.kessel","freda.kessel",,,"True",
"mayme.singh","mayme.singh",,,"True",
"alanna.schwalb","alanna.schwalb",,,"True",
"kimi.araiza","kimi.araiza",,,"True",
"lynna.boley","lynna.boley",,,"True",
"chin.sontag","chin.sontag",,,"True",
"lonna.mciver","lonna.mciver",,,"True",
"stanford.bish","stanford.bish",,,"True",
"erna.struthers","erna.struthers",,,"True",
"karma.butcher","karma.butcher",,,"True",
"lyda.debruyn","lyda.debruyn",,,"True",
"taylor.kulesza","taylor.kulesza",,,"True",
"adah.talley","adah.talley",,,"True",
"alise.gardner","alise.gardner",,,"True",
"glen.lippincott","glen.lippincott",,,"True",
"yael.stoneking","yael.stoneking",,,"True",
"nicole.lefevre","nicole.lefevre",,,"True",
"jimmie.buse","jimmie.buse",,,"True",
"georgie.kilby","georgie.kilby",,,"True",
"willy.shao","willy.shao",,,"True",
"colton.westover","colton.westover",,,"True",
"cecilia.neidert","cecilia.neidert",,,"True",
"hedwig.mallory","hedwig.mallory",,,"True",
"earle.clausing","earle.clausing",,,"True",
"vicenta.ezzell","vicenta.ezzell",,,"True",
"madelene.wilkens","madelene.wilkens",,,"True",
"sarai.koontz","sarai.koontz",,,"True",
"christal.caver","christal.caver",,,"True",
"dana.annunziata","dana.annunziata",,,"True",
"shery.messing","shery.messing",,,"True",
"julia.stansel","julia.stansel",,,"True",
"diedre.barrios","diedre.barrios",,,"True",
"simon.stroble","simon.stroble",,,"True",
"eugene.lindquist","eugene.lindquist",,,"True",
"kathleen.marden","kathleen.marden",,,"True",
"chantel.priebe","chantel.priebe",,,"True",
"ladonna.georges","ladonna.georges",,,"True",
"jannie.pasha","jannie.pasha",,,"True",
"marylouise.raper","marylouise.raper",,,"True",
"lorie.denman","lorie.denman",,,"True",
"kanesha.kimery","kanesha.kimery",,,"True",
"rosalina.paro","rosalina.paro",,,"True",
"della.willmore","della.willmore",,,"True",
"yael.magar","yael.magar",,,"True",
"robbie.dietz","robbie.dietz",,,"True",
"louetta.koll","louetta.koll",,,"True",
"toney.basilio","toney.basilio",,,"True",
"chieko.hathcock","chieko.hathcock",,,"True",
"rowena.steeves","rowena.steeves",,,"True",
"rubin.temple","rubin.temple",,,"True",
"brett.gilmer","brett.gilmer",,,"True",
"chet.biro","chet.biro",,,"True",
"chasity.perrigo","chasity.perrigo",,,"True",
"cristy.conboy","cristy.conboy",,,"True",
"russel.seyler","russel.seyler",,,"True",
"jordon.raymo","jordon.raymo",,,"True",
"alma.blaker","alma.blaker",,,"True",
"maria.hakes","maria.hakes",,,"True",
"ela.campione","ela.campione",,,"True",
"samual.coburn","samual.coburn",,,"True",
"maud.schmieder","maud.schmieder",,,"True",
"adolfo.rettig","adolfo.rettig",,,"True",
"noelle.knobloch","noelle.knobloch",,,"True",
"minta.ingenito","minta.ingenito",,,"True",
"edyth.herman","edyth.herman",,,"True",
"elenor.mederos","elenor.mederos",,,"True",
"jeraldine.flury","jeraldine.flury",,,"True",
"ok.lesure","ok.lesure",,,"True",
"remona.sauter","remona.sauter",,,"True",
"sally.rex","sally.rex",,,"True",
"tiara.grigg","tiara.grigg",,,"True",
"beatriz.craw","beatriz.craw",,,"True",
"natashia.mccrory","natashia.mccrory",,,"True",
"alisia.freitag","alisia.freitag",,,"True",
"allie.guo","allie.guo",,,"True",
"glennie.corning","glennie.corning",,,"True",
"ann.rayos","ann.rayos",,,"True",
"meri.bodin","meri.bodin",,,"True",
"mazie.philbeck","mazie.philbeck",,,"True",
"roland.kuder","roland.kuder",,,"True",
"golda.dorsch","golda.dorsch",,,"True",
"monnie.crecelius","monnie.crecelius",,,"True",
"kimberly.premo","kimberly.premo",,,"True",
"ramona.jennette","ramona.jennette",,,"True",
"misha.petrey","misha.petrey",,,"True",
"ira.stach","ira.stach",,,"True",
"clemmie.harring","clemmie.harring",,,"True",
"rosalie.sigala","rosalie.sigala",,,"True",
"kourtney.kluge","kourtney.kluge",,,"True",
"stewart.scholl","stewart.scholl",,,"True",
"jolanda.deak","jolanda.deak",,,"True",
"georgeann.nitz","georgeann.nitz",,,"True",
"marla.polson","marla.polson",,,"True",
"gita.jordan","gita.jordan",,,"True",
"frank.karl","frank.karl",,,"True",
"wes.trower","wes.trower",,,"True",
"ouida.kirts","ouida.kirts",,,"True",
"neal.speth","neal.speth",,,"True",
"latia.raley","latia.raley",,,"True",
"marilyn.dowdle","marilyn.dowdle",,,"True",
"ariel.hayne","ariel.hayne",,,"True",
"valeri.hise","valeri.hise",,,"True",
"felica.villalba","felica.villalba",,,"True",
"rae.keeble","rae.keeble",,,"True",
"synthia.molder","synthia.molder",,,"True",
"johnathon.edge","johnathon.edge",,,"True",
"georgiana.lakin","georgiana.lakin",,,"True",
"alex.silcox","alex.silcox",,,"True",
"bill.hastings","bill.hastings",,,"True",
"annetta.fasching","annetta.fasching",,,"True",
"melia.hildebrand","melia.hildebrand",,,"True",
"hanh.barkman","hanh.barkman",,,"True",
"kirk.kingston","kirk.kingston",,,"True",
"venita.fetterman","venita.fetterman",,,"True",
"georgeann.corle","georgeann.corle",,,"True",
"ka.koester","ka.koester",,,"True",
"ashly.rosser","ashly.rosser",,,"True",
"pura.christman","pura.christman",,,"True",
"toshiko.arteaga","toshiko.arteaga",,,"True",
"adelia.nail","adelia.nail",,,"True",
"jayson.noriega","jayson.noriega",,,"True",
"keila.popek","keila.popek",,,"True",
"evon.paredez","evon.paredez",,,"True",
"elaine.aquino","elaine.aquino",,,"True",
"daniell.pannell","daniell.pannell",,,"True",
"duane.waggoner","duane.waggoner",,,"True",
"coleen.levier","coleen.levier",,,"True",
"seed.beater","seed.beater",,,"True",
"katheryn.jurgens","katheryn.jurgens",,,"True",
"berry.griffey","berry.griffey",,,"True",
"erlene.pines","erlene.pines",,,"True",
"drema.earls","drema.earls",,,"True",
"raul.casady","raul.casady",,,"True",
"takisha.ress","takisha.ress",,,"True",
"kia.piscitelli","kia.piscitelli",,,"True",
"suzanne.nell","suzanne.nell",,,"True",
"lachelle.magill","lachelle.magill",,,"True",
"louanne.rushing","louanne.rushing",,,"True",
"karma.eby","karma.eby",,,"True",
"janelle.grieb","janelle.grieb",,,"True",
"pedro.dubose","pedro.dubose",,,"True",
"heike.michalik","heike.michalik",,,"True",
"reatha.gump","reatha.gump",,,"True",
"mika.benes","mika.benes",,,"True",
"annamae.files","annamae.files",,,"True",
"toby.kopczynski","toby.kopczynski",,,"True",
"lin.raske","lin.raske",,,"True",
"lila.borchardt","lila.borchardt",,,"True",
"merry.claypool","merry.claypool",,,"True",
"louise.mikel","louise.mikel",,,"True",
"tempie.ellington","tempie.ellington",,,"True",
"dewayne.plumb","dewayne.plumb",,,"True",
"ty.deibler","ty.deibler",,,"True",
"debbra.ansley","debbra.ansley",,,"True",
"ira.madia","ira.madia",,,"True",
"ivette.burdo","ivette.burdo",,,"True",
"mireya.meisinger","mireya.meisinger",,,"True",
"huong.chasse","huong.chasse",,,"True",
"irish.bridgman","irish.bridgman",,,"True",
"rozella.loveless","rozella.loveless",,,"True",
"terra.joines","terra.joines",,,"True",
"marivel.fino","marivel.fino",,,"True",
"estefana.kreider","estefana.kreider",,,"True",
"brady.bame","brady.bame",,,"True",
"alonzo.demello","alonzo.demello",,,"True",
"anibal.stuart","anibal.stuart",,,"True",
"tosha.lamers","tosha.lamers",,,"True",
"mark.rash","mark.rash",,,"True",
"noma.rott","noma.rott",,,"True",
"glendora.master","glendora.master",,,"True",
"emmy.hollins","emmy.hollins",,,"True",
"kimiko.aultman","kimiko.aultman",,,"True",
"isis.schutte","isis.schutte",,,"True",
"chieko.hydrick","chieko.hydrick",,,"True",
"rosanne.honea","rosanne.honea",,,"True",
"ozella.mcray","ozella.mcray",,,"True",
"osvaldo.simental","osvaldo.simental",,,"True",
"odette.lahr","odette.lahr",,,"True",
"leoma.barringer","leoma.barringer",,,"True",
"joelle.beverlin","joelle.beverlin",,,"True",
"shelba.selvage","shelba.selvage",,,"True",
"leonel.barlow","leonel.barlow",,,"True",
"becky.towe","becky.towe",,,"True",
"michael.tokar","michael.tokar",,,"True",
"lavon.rees","lavon.rees",,,"True",
"glynis.cockrum","glynis.cockrum",,,"True",
"shirly.batchelor","shirly.batchelor",,,"True",
"santina.lesher","santina.lesher",,,"True",
"vannesa.gonser","vannesa.gonser",,,"True",
"mickey.tuck","mickey.tuck",,,"True",
"zachariah.varian","zachariah.varian",,,"True",
"lyman.eggleton","lyman.eggleton",,,"True",
"stan.stier","stan.stier",,,"True",
"winnie.melnyk","winnie.melnyk",,,"True",
"amalia.geisel","amalia.geisel",,,"True",
"lachelle.stigall","lachelle.stigall",,,"True",
"arie.sclafani","arie.sclafani",,,"True",
"lyle.reveles","lyle.reveles",,,"True",
"ossie.straube","ossie.straube",,,"True",
"davis.duguay","davis.duguay",,,"True",
"elise.rouleau","elise.rouleau",,,"True",
"rena.clendenin","rena.clendenin",,,"True",
"wenona.davalos","wenona.davalos",,,"True",
"levi.senegal","levi.senegal",,,"True",
"griselda.borg","griselda.borg",,,"True",
"maribel.gayles","maribel.gayles",,,"True",
"lucienne.sojka","lucienne.sojka",,,"True",
"lorina.belair","lorina.belair",,,"True",
"britni.mershon","britni.mershon",,,"True",
"yoshie.herbert","yoshie.herbert",,,"True",
"neida.epstein","neida.epstein",,,"True",
"arlette.mcgreevy","arlette.mcgreevy",,,"True",
"manual.weldon","manual.weldon",,,"True",
"sulema.harden","sulema.harden",,,"True",
"ngan.lasso","ngan.lasso",,,"True",
"heide.flannery","heide.flannery",,,"True",
"margert.wurtz","margert.wurtz",,,"True",
"celine.dunstan","celine.dunstan",,,"True",
"lorilee.kwok","lorilee.kwok",,,"True",
"emma.maring","emma.maring",,,"True",
"lorrine.acoff","lorrine.acoff",,,"True",
"isaura.lupien","isaura.lupien",,,"True",
"nena.jaggers","nena.jaggers",,,"True",
"tonie.rollins","tonie.rollins",,,"True",
"jong.husbands","jong.husbands",,,"True",
"belva.strelow","belva.strelow",,,"True",
"elida.biller","elida.biller",,,"True",
"in.selvidge","in.selvidge",,,"True",
"tamesha.haug","tamesha.haug",,,"True",
"september.krupp","september.krupp",,,"True",
"gala.ramey","gala.ramey",,,"True",
"margert.gartin","margert.gartin",,,"True",
"eusebio.bunn","eusebio.bunn",,,"True",
"cinthia.shaddix","cinthia.shaddix",,,"True",
"brittany.ewan","brittany.ewan",,,"True",
"bridget.mcgrew","bridget.mcgrew",,,"True",
"kristi.markel","kristi.markel",,,"True",
"lorean.irvin","lorean.irvin",,,"True",
"barb.metzler","barb.metzler",,,"True",
"jordan.vancuren","jordan.vancuren",,,"True",
"kathey.brass","kathey.brass",,,"True",
"hyman.skipper","hyman.skipper",,,"True",
"josefina.mumm","josefina.mumm",,,"True",
"van.warwick","van.warwick",,,"True",
"larae.topper","larae.topper",,,"True",
"leland.paz","leland.paz",,,"True",
"candice.schueler","candice.schueler",,,"True",
"laraine.burgener","laraine.burgener",,,"True",
"amiee.piller","amiee.piller",,,"True",
"nellie.briski","nellie.briski",,,"True",
"sadye.courter","sadye.courter",,,"True",
"elenore.garland","elenore.garland",,,"True",
"melvina.leth","melvina.leth",,,"True",
"karl.chico","karl.chico",,,"True",
"tashia.rossbach","tashia.rossbach",,,"True",
"jayne.sandy","jayne.sandy",,,"True",
"stanley.blair","stanley.blair",,,"True",
"domingo.biondo","domingo.biondo",,,"True",
"emma.meighan","emma.meighan",,,"True",
"yevette.badgett","yevette.badgett",,,"True",
"alla.holcombe","alla.holcombe",,,"True",
"criselda.rinaldi","criselda.rinaldi",,,"True",
"aide.bonavita","aide.bonavita",,,"True",
"tamica.fu","tamica.fu",,,"True",
"filiberto.reisch","filiberto.reisch",,,"True",
"cythia.ibarra","cythia.ibarra",,,"True",
"awilda.muck","awilda.muck",,,"True",
"nick.minogue","nick.minogue",,,"True",
"tiffiny.taitt","tiffiny.taitt",,,"True",
"ana.mellin","ana.mellin",,,"True",
"zetta.siniard","zetta.siniard",,,"True",
"charita.lovato","charita.lovato",,,"True",
"chelsea.ansari","chelsea.ansari",,,"True",
"florencio.waxman","florencio.waxman",,,"True",
"josefa.client","josefa.client",,,"True",
"humberto.fouse","humberto.fouse",,,"True",
"tosha.staller","tosha.staller",,,"True",
"kathline.okada","kathline.okada",,,"True",
"pearlene.wilkie","pearlene.wilkie",,,"True",
"sophie.baxley","sophie.baxley",,,"True",
"alleen.swarthout","alleen.swarthout",,,"True",
"regena.fetzer","regena.fetzer",,,"True",
"josphine.ungar","josphine.ungar",,,"True",
"adele.goltz","adele.goltz",,,"True",
"rudy.president","rudy.president",,,"True",
"vicki.whistler","vicki.whistler",,,"True",
"milan.frame","milan.frame",,,"True",
"jeanene.donati","jeanene.donati",,,"True",
"trudie.karter","trudie.karter",,,"True",
"merle.quiroz","merle.quiroz",,,"True",
"deloras.luongo","deloras.luongo",,,"True",
"tammi.nocera","tammi.nocera",,,"True",
"shanti.larmon","shanti.larmon",,,"True",
"loretta.tyra","loretta.tyra",,,"True",
"maye.mendes","maye.mendes",,,"True",
"therese.goggans","therese.goggans",,,"True",
"diann.saunder","diann.saunder",,,"True",
"jerlene.nutt","jerlene.nutt",,,"True",
"gemma.beard","gemma.beard",,,"True",
"vernita.lafleur","vernita.lafleur",,,"True",
"ezekiel.gaydos","ezekiel.gaydos",,,"True",
"hisako.robles","hisako.robles",,,"True",
"dillon.banda","dillon.banda",,,"True",
"tish.litchford","tish.litchford",,,"True",
"mark.cogswell","mark.cogswell",,,"True",
"alberto.birk","alberto.birk",,,"True",
"harland.peterkin","harland.peterkin",,,"True",
"margie.solberg","margie.solberg",,,"True",
"danica.mcentire","danica.mcentire",,,"True",
"leda.mccusker","leda.mccusker",,,"True",
"necole.martines","necole.martines",,,"True",
"leonel.cavalier","leonel.cavalier",,,"True",
"rachelle.hellums","rachelle.hellums",,,"True",
"sirena.marcy","sirena.marcy",,,"True",
"vesta.roman","vesta.roman",,,"True",
"kelly.larose","kelly.larose",,,"True",
"pearlene.gaynor","pearlene.gaynor",,,"True",
"arletha.burtt","arletha.burtt",,,"True",
"carmelo.dally","carmelo.dally",,,"True",
"emerita.sandor","emerita.sandor",,,"True",
"wanetta.quijada","wanetta.quijada",,,"True",
"mona.oneal","mona.oneal",,,"True",
"eleonora.manners","eleonora.manners",,,"True",
"kiersten.patague","kiersten.patague",,,"True",
"lila.eisert","lila.eisert",,,"True",
"jenni.lamoureaux","jenni.lamoureaux",,,"True",
"donny.edgington","donny.edgington",,,"True",
"beckie.rheaume","beckie.rheaume",,,"True",
"kenny.mccreery","kenny.mccreery",,,"True",
"renna.crocker","renna.crocker",,,"True",
"sharri.caldwell","sharri.caldwell",,,"True",
"hope.briner","hope.briner",,,"True",
"agueda.strout","agueda.strout",,,"True",
"catherin.luque","catherin.luque",,,"True",
"man.casson","man.casson",,,"True",
"charise.huges","charise.huges",,,"True",
"eryn.servais","eryn.servais",,,"True",
"sage.reindl","sage.reindl",,,"True",
"kerry.pittsley","kerry.pittsley",,,"True",
"majorie.nicholes","majorie.nicholes",,,"True",
"kristal.halley","kristal.halley",,,"True",
"cari.melecio","cari.melecio",,,"True",
"fanny.naber","fanny.naber",,,"True",
"irmgard.loden","irmgard.loden",,,"True",
"velma.jewell","velma.jewell",,,"True",
"jeraldine.roiger","jeraldine.roiger",,,"True",
"linnie.shoemake","linnie.shoemake",,,"True",
"luana.fuqua","luana.fuqua",,,"True",
"vance.woolsey","vance.woolsey",,,"True",
"artie.acre","artie.acre",,,"True",
"milagros.klatt","milagros.klatt",,,"True",
"cathleen.suda","cathleen.suda",,,"True",
"lorilee.respass","lorilee.respass",,,"True",
"noelia.hamburger","noelia.hamburger",,,"True",
"joane.ausherman","joane.ausherman",,,"True",
"lacresha.vanepps","lacresha.vanepps",,,"True",
"carissa.rowell","carissa.rowell",,,"True",
"isabelle.birt","isabelle.birt",,,"True",
"imelda.waterbury","imelda.waterbury",,,"True",
"val.kay","val.kay",,,"True",
"miquel.bockelman","miquel.bockelman",,,"True",
"fran.january","fran.january",,,"True",
"emelia.allende","emelia.allende",,,"True",
"dolores.wain","dolores.wain",,,"True",
"bronwyn.arriaga","bronwyn.arriaga",,,"True",
"demetria.hewitt","demetria.hewitt",,,"True",
"wiley.capella","wiley.capella",,,"True",
"cristen.lux","cristen.lux",,,"True",
"olympia.maul","olympia.maul",,,"True",
"mayra.warring","mayra.warring",,,"True",
"daron.baham","daron.baham",,,"True",
"vicki.mclead","vicki.mclead",,,"True",
"leo.rubio","leo.rubio",,,"True",
"alberto.deguzman","alberto.deguzman",,,"True",
"sabrina.drews","sabrina.drews",,,"True",
"tran.monte","tran.monte",,,"True",
"oretha.twine","oretha.twine",,,"True",
"inga.larochelle","inga.larochelle",,,"True",
"jude.castaneda","jude.castaneda",,,"True",
"alfonso.lingle","alfonso.lingle",,,"True",
"jayson.marti","jayson.marti",,,"True",
"carmelia.bruen","carmelia.bruen",,,"True",
"racheal.rolls","racheal.rolls",,,"True",
"ina.spillman","ina.spillman",,,"True",
"shanon.dunaway","shanon.dunaway",,,"True",
"chanda.zemlicka","chanda.zemlicka",,,"True",
"shaunna.schooley","shaunna.schooley",,,"True",
"kasey.mantooth","kasey.mantooth",,,"True",
"reatha.polinsky","reatha.polinsky",,,"True",
"yun.picard","yun.picard",,,"True",
"janey.hohlt","janey.hohlt",,,"True",
"leisa.bussiere","leisa.bussiere",,,"True",
"sofia.dike","sofia.dike",,,"True",
"wendi.bumgarner","wendi.bumgarner",,,"True",
"roy.morehouse","roy.morehouse",,,"True",
"melynda.gallager","melynda.gallager",,,"True",
"brigid.smalls","brigid.smalls",,,"True",
"michale.furlow","michale.furlow",,,"True",
"sarita.koger","sarita.koger",,,"True",
"valery.pernice","valery.pernice",,,"True",
"ma.robinett","ma.robinett",,,"True",
"barrie.harriston","barrie.harriston",,,"True",
"jackelyn.trivett","jackelyn.trivett",,,"True",
"norma.larkey","norma.larkey",,,"True",
"synthia.birden","synthia.birden",,,"True",
"blake.whang","blake.whang",,,"True",
"heath.juares","heath.juares",,,"True",
"carlo.larger","carlo.larger",,,"True",
"willetta.pothier","willetta.pothier",,,"True",
"tyrone.parisien","tyrone.parisien",,,"True",
"lenora.rincon","lenora.rincon",,,"True",
"arica.gannon","arica.gannon",,,"True",
"izetta.authement","izetta.authement",,,"True",
"kaycee.panek","kaycee.panek",,,"True",
"silvana.dupras","silvana.dupras",,,"True",
"ara.molino","ara.molino",,,"True",
"rocco.adkins","rocco.adkins",,,"True",
"laurene.haggard","laurene.haggard",,,"True",
"selena.grennan","selena.grennan",,,"True",
"latarsha.finlay","latarsha.finlay",,,"True",
"helene.gros","helene.gros",,,"True",
"teddy.zepeda","teddy.zepeda",,,"True",
"chery.raber","chery.raber",,,"True",
"freida.strey","freida.strey",,,"True",
"cole.jenkinson","cole.jenkinson",,,"True",
"maegan.steinmetz","maegan.steinmetz",,,"True",
"jere.satterwhite","jere.satterwhite",,,"True",
"eleonora.golson","eleonora.golson",,,"True",
"khalilah.lacroix","khalilah.lacroix",,,"True",
"toshiko.besser","toshiko.besser",,,"True",
"latonya.westover","latonya.westover",,,"True",
"contessa.busbee","contessa.busbee",,,"True",
"wen.desmond","wen.desmond",,,"True",
"nikole.karst","nikole.karst",,,"True",
"calandra.hetrick","calandra.hetrick",,,"True",
"moira.colone","moira.colone",,,"True",
"beula.glasgow","beula.glasgow",,,"True",
"mechelle.liechty","mechelle.liechty",,,"True",
"monroe.mcelroy","monroe.mcelroy",,,"True",
"lakeshia.winford","lakeshia.winford",,,"True",
"gayla.espada","gayla.espada",,,"True",
"allie.maske","allie.maske",,,"True",
"annamaria.loy","annamaria.loy",,,"True",
"abraham.maharaj","abraham.maharaj",,,"True",
"hortensia.leight","hortensia.leight",,,"True",
"louella.beumer","louella.beumer",,,"True",
"corliss.levett","corliss.levett",,,"True",
"dennise.salguero","dennise.salguero",,,"True",
"bebe.bitner","bebe.bitner",,,"True",
"betty.abshire","betty.abshire",,,"True",
"merilyn.escovedo","merilyn.escovedo",,,"True",
"sherrill.pough","sherrill.pough",,,"True",
"saran.stallman","saran.stallman",,,"True",
"verlie.schuler","verlie.schuler",,,"True",
"danica.pulsifer","danica.pulsifer",,,"True",
"quiana.nygard","quiana.nygard",,,"True",
"kaitlin.hoskins","kaitlin.hoskins",,,"True",
"le.olson","le.olson",,,"True",
"reinaldo.smock","reinaldo.smock",,,"True",
"cyrus.loflin","cyrus.loflin",,,"True",
"kaci.harriston","kaci.harriston",,,"True",
"dannette.mouton","dannette.mouton",,,"True",
"maryam.oster","maryam.oster",,,"True",
"mindy.harker","mindy.harker",,,"True",
"arla.fegan","arla.fegan",,,"True",
"marylin.macek","marylin.macek",,,"True",
"tamie.january","tamie.january",,,"True",
"katrice.keehn","katrice.keehn",,,"True",
"marissa.montano","marissa.montano",,,"True",
"shanel.erion","shanel.erion",,,"True",
"roland.krick","roland.krick",,,"True",
"sheryl.kolar","sheryl.kolar",,,"True",
"carly.metayer","carly.metayer",,,"True",
"judson.mcgrane","judson.mcgrane",,,"True",
"sanjuana.ricken","sanjuana.ricken",,,"True",
"earlie.beane","earlie.beane",,,"True",
"mignon.schlecht","mignon.schlecht",,,"True",
"shanda.bellamy","shanda.bellamy",,,"True",
"jeffie.troupe","jeffie.troupe",,,"True",
"lashunda.telles","lashunda.telles",,,"True",
"kacy.suniga","kacy.suniga",,,"True",
"jane.blauvelt","jane.blauvelt",,,"True",
"jolynn.humes","jolynn.humes",,,"True",
"benito.dubrey","benito.dubrey",,,"True",
"hyon.norton","hyon.norton",,,"True",
"lilly.primer","lilly.primer",,,"True",
"carson.lobdell","carson.lobdell",,,"True",
"pia.eanes","pia.eanes",,,"True",
"traci.szabo","traci.szabo",,,"True",
"jarrett.durgin","jarrett.durgin",,,"True",
"zita.frei","zita.frei",,,"True",
"damaris.forbush","damaris.forbush",,,"True",
"cherrie.mullan","cherrie.mullan",,,"True",
"darcy.trueman","darcy.trueman",,,"True",
"kiley.morena","kiley.morena",,,"True",
"charlyn.domenech","charlyn.domenech",,,"True",
"chrystal.bonnie","chrystal.bonnie",,,"True",
"syreeta.edgley","syreeta.edgley",,,"True",
"clemente.kurt","clemente.kurt",,,"True",
"margret.shirey","margret.shirey",,,"True",
"virgen.pigman","virgen.pigman",,,"True",
"angelic.hamamoto","angelic.hamamoto",,,"True",
"gary.arehart","gary.arehart",,,"True",
"theodora.moats","theodora.moats",,,"True",
"kenya.brackins","kenya.brackins",,,"True",
"vallie.clouse","vallie.clouse",,,"True",
"philomena.aslett","philomena.aslett",,,"True",
"kenda.quijas","kenda.quijas",,,"True",
"faith.lombardo","faith.lombardo",,,"True",
"novella.mewborn","novella.mewborn",,,"True",
"julene.luckie","julene.luckie",,,"True",
"agustin.weyer","agustin.weyer",,,"True",
"shelli.wireman","shelli.wireman",,,"True",
"troy.mood","troy.mood",,,"True",
"syreeta.munson","syreeta.munson",,,"True",
"lanita.glick","lanita.glick",,,"True",
"september.wein","september.wein",,,"True",
"donna.lantz","donna.lantz",,,"True",
"ema.tenorio","ema.tenorio",,,"True",
"eulalia.wishon","eulalia.wishon",,,"True",
"timika.longacre","timika.longacre",,,"True",
"normand.bedgood","normand.bedgood",,,"True",
"ariana.breedlove","ariana.breedlove",,,"True",
"page.dobbs","page.dobbs",,,"True",
"sharmaine.ogren","sharmaine.ogren",,,"True",
"lissette.cyr","lissette.cyr",,,"True",
"elenore.hott","elenore.hott",,,"True",
"corrina.bailes","corrina.bailes",,,"True",
"kaye.newton","kaye.newton",,,"True",
"renato.cronan","renato.cronan",,,"True",
"agueda.pajak","agueda.pajak",,,"True",
"napoleon.nuckles","napoleon.nuckles",,,"True",
"doris.getty","doris.getty",,,"True",
"lula.henrichs","lula.henrichs",,,"True",
"latina.feltman","latina.feltman",,,"True",
"roxane.spurling","roxane.spurling",,,"True",
"clarissa.palermo","clarissa.palermo",,,"True",
"christia.calvery","christia.calvery",,,"True",
"nikole.kyle","nikole.kyle",,,"True",
"yuette.gladden","yuette.gladden",,,"True",
"elvera.wardell","elvera.wardell",,,"True",
"jeannine.belser","jeannine.belser",,,"True",
"taylor.hultman","taylor.hultman",,,"True",
"noreen.horiuchi","noreen.horiuchi",,,"True",
"pok.kardos","pok.kardos",,,"True",
"candie.gwinn","candie.gwinn",,,"True",
"senaida.derrick","senaida.derrick",,,"True",
"jennine.elam","jennine.elam",,,"True",
"emerald.skoglund","emerald.skoglund",,,"True",
"hae.melendy","hae.melendy",,,"True",
"lillie.stefani","lillie.stefani",,,"True",
"mariela.rollman","mariela.rollman",,,"True",
"belle.lent","belle.lent",,,"True",
"cleopatra.kocher","cleopatra.kocher",,,"True",
"robin.garand","robin.garand",,,"True",
"delsie.boster","delsie.boster",,,"True",
"kristy.gentle","kristy.gentle",,,"True",
"antonio.bargo","antonio.bargo",,,"True",
"george.crone","george.crone",,,"True",
"jacob.sherry","jacob.sherry",,,"True",
"kelley.hodson","kelley.hodson",,,"True",
"leontine.narvaez","leontine.narvaez",,,"True",
"desire.francois","desire.francois",,,"True",
"andre.blackwater","andre.blackwater",,,"True",
"nicki.augustine","nicki.augustine",,,"True",
"ceola.gurley","ceola.gurley",,,"True",
"shaunta.helmick","shaunta.helmick",,,"True",
"lean.buechler","lean.buechler",,,"True",
"marlon.mader","marlon.mader",,,"True",
"herminia.falcon","herminia.falcon",,,"True",
"martha.rodas","martha.rodas",,,"True",
"rossie.wolery","rossie.wolery",,,"True",
"pearl.kehoe","pearl.kehoe",,,"True",
"glenna.petrosky","glenna.petrosky",,,"True",
"latasha.kerns","latasha.kerns",,,"True",
"candida.sheldon","candida.sheldon",,,"True",
"alena.legere","alena.legere",,,"True",
"signe.rainwater","signe.rainwater",,,"True",
"sachiko.mart","sachiko.mart",,,"True",
"verdie.hermann","verdie.hermann",,,"True",
"yasuko.reisinger","yasuko.reisinger",,,"True",
"alycia.coke","alycia.coke",,,"True",
"paul.farnan","paul.farnan",,,"True",
"georgianna.peden","georgianna.peden",,,"True",
"anna.sarinana","anna.sarinana",,,"True",
"jacquelin.peffer","jacquelin.peffer",,,"True",
"waylon.bluhm","waylon.bluhm",,,"True",
"savanna.wachter","savanna.wachter",,,"True",
"brynn.chi","brynn.chi",,,"True",
"elnora.pettry","elnora.pettry",,,"True",
"edith.most","edith.most",,,"True",
"maybell.machnik","maybell.machnik",,,"True",
"serena.klingbeil","serena.klingbeil",,,"True",
"julianne.askey","julianne.askey",,,"True",
"lamont.keiper","lamont.keiper",,,"True",
"mervin.dole","mervin.dole",,,"True",
"shonna.orear","shonna.orear",,,"True",
"emerita.mccullar","emerita.mccullar",,,"True",
"darrick.hanus","darrick.hanus",,,"True",
"chieko.bulow","chieko.bulow",,,"True",
"shawnee.wolford","shawnee.wolford",,,"True",
"carlita.bun","carlita.bun",,,"True",
"pasquale.yi","pasquale.yi",,,"True",
"vallie.rolfe","vallie.rolfe",,,"True",
"julene.golding","julene.golding",,,"True",
"adena.lott","adena.lott",,,"True",
